{
    "bones":[{
        "rotq":[0,0,0,1],
        "pos":[1,0,-1],
        "name":"root_bone",
        "parent":-1
    },{
        "rotq":[0,0,0,1],
        "pos":[1,2.33333,-1],
        "name":"mid_bone",
        "parent":0
    },{
        "rotq":[0,0,0,1],
        "pos":[1,2.33333,-1],
        "name":"top_bone",
        "parent":1
    }],
    "name":"Cube.001Geometry",
    "influencesPerVertex":2,
    "faces":[33,0,1,2,3,0,0,0,0,33,22,20,10,11,1,1,1,1,33,32,4,5,33,2,2,2,2,33,33,5,6,34,3,3,3,3,33,34,6,7,35,4,4,4,4,33,32,0,3,35,5,5,5,5,33,8,11,10,9,6,6,6,6,33,20,21,9,10,7,7,7,7,33,23,22,11,8,8,8,8,8,33,21,23,8,9,9,9,9,9,33,28,30,14,13,10,10,10,10,33,24,25,15,12,10,10,10,10,33,30,31,16,14,11,11,11,11,33,25,26,17,15,12,12,12,12,33,29,28,13,19,13,13,13,13,33,27,24,12,18,13,13,13,13,33,31,29,19,16,14,14,14,14,33,26,27,18,17,15,15,15,15,33,12,15,20,22,16,16,16,16,33,15,17,21,20,17,17,17,17,33,18,12,22,23,18,18,18,18,33,17,18,23,21,19,19,19,19,33,13,14,25,24,20,20,20,20,33,14,16,26,25,11,11,11,11,33,19,13,24,27,21,21,21,21,33,16,19,27,26,19,19,19,19,33,7,6,30,28,20,20,20,20,33,6,5,31,30,12,12,12,12,33,4,7,28,29,21,21,21,21,33,5,4,29,31,22,22,22,22,33,0,32,33,1,23,23,23,23,33,1,33,34,2,24,24,24,24,33,2,34,35,3,25,25,25,25,33,4,32,35,7,26,26,26,26],
    "skinIndices":[0,1,0,1,0,1,0,1,0,1,0,1,0,1,0,1,2,1,2,1,2,1,2,1,2,1,1,0,1,0,2,1,1,0,2,1,2,1,1,0,2,1,2,1,2,1,2,1,1,2,1,2,1,2,1,2,1,0,1,0,1,0,1,0,0,1,0,1,0,1,0,1],
    "skinWeights":[0.2,0,0.197684,0,0.2,0,0.2,0,0.487477,0.238363,0.753154,0.238277,0.753066,0.238363,0.753155,0.238277,0.960779,1e-06,0.963398,0,0.960779,0,0.963398,0,0.752774,0.238639,0.839579,0.080233,0.839596,0.080227,0.752595,0.238813,0.839579,0.080232,0.752775,0.238639,0.752595,0.238813,0.839597,0.080227,0.915527,0.08154,0.916212,0.080878,0.916212,0.080878,0.915527,0.08154,0.728115,0.245687,0.728162,0.24564,0.728115,0.245687,0.728162,0.24564,0.728006,0.245814,0.728031,0.245791,0.728031,0.245791,0.728006,0.245814,0.668756,0,0.931938,0,0.931536,0,0.931938,0.00876],
    "metadata":{
        "version":3,
        "faces":34,
        "uvs":0,
        "vertices":36,
        "bones":3,
        "type":"Geometry",
        "generator":"io_three",
        "normals":27
    },
    "normals":[0,0,1,-0.707107,0.707107,-0,0.707107,-0.707107,0,0.707107,0.707107,0,-0.707107,0.707107,0,-0.707107,-0.707107,-0,0,0,-1,0.707107,0.707107,-0,-0.707107,-0.707107,0,0.707107,-0.707106,0,-0.707107,0.707107,-0,0.707106,0.707107,-0,0.707106,0.707107,-0,-0.707107,-0.707107,-0,0.707107,-0.707106,0,0.707107,-0.707106,0,-0.707107,0.707107,-0,0.707106,0.707107,-0,-0.707107,-0.707107,0,0.707107,-0.707106,-0,-0.707107,0.707107,-0,-0.707107,-0.707107,-0,0.707107,-0.707106,-0,0.707107,-0.707107,-0,0.707107,0.707107,-0,-0.707107,0.707107,0,-0.707107,-0.707107,-0],
    "vertices":[1,-0,-2.41421,2.41421,-0,-1,1,0,0.414213,-0.414214,-0,-1,1,2,-2.41421,2.41421,2,-0.999999,1,2,0.414213,-0.414213,2,-1,1,7,-2.41421,2.41421,7,-1,1,7,0.414213,-0.414213,7,-1,-0.414213,5.33333,-1,-0.414213,3.66667,-1,1,3.66667,0.414213,1,5.33333,0.414213,2.41421,3.66667,-0.999999,2.41421,5.33333,-0.999999,1,5.33333,-2.41421,1,3.66667,-2.41421,1,6.16667,0.414213,2.41421,6.16667,-1,-0.414213,6.16667,-1,1,6.16667,-2.41421,-0.414213,4.5,-1,1,4.5,0.414213,2.41421,4.5,-0.999999,1,4.5,-2.41421,-0.414213,2.83333,-1,1,2.83333,-2.41421,1,2.83333,0.414213,2.41421,2.83333,-0.999999,1,1,-2.41421,2.41421,1,-1,1,1,0.414214,-0.414214,1,-1],
    "uvs":[]
}