{
    "normals":[0,0,1,-0.707107,0.707107,-0,0.707107,-0.707107,0,0.707107,0.707107,0,-0.707107,0.707107,0,-0.707107,-0.707107,-0,0,0,-1,0.707107,0.707107,-0,-0.707107,-0.707107,0,0.707107,-0.707106,0,-0.707107,0.707107,-0,0.707106,0.707107,-0,0.707106,0.707107,-0,-0.707107,-0.707107,-0,0.707107,-0.707106,0,0.707107,-0.707106,0,-0.707107,0.707107,-0,0.707106,0.707107,-0,-0.707107,-0.707107,0,0.707107,-0.707106,-0,-0.707107,0.707107,-0,-0.707107,-0.707107,-0,0.707107,-0.707106,-0,0.707107,-0.707107,-0,0.707107,0.707107,-0,-0.707107,0.707107,0,-0.707107,-0.707107,-0],
    "materials":[{
        "DbgColor":15658734,
        "shading":"phong",
        "colorEmissive":[0,0,0],
        "depthTest":true,
        "DbgName":"Material",
        "opacity":1,
        "visible":true,
        "depthWrite":true,
        "colorSpecular":[0.5,0.5,0.5],
        "specularCoef":50,
        "doubleSided":true,
        "wireframe":false,
        "blending":"NormalBlending",
        "DbgIndex":0,
        "colorDiffuse":[0.64,0.64,0.64],
        "transparent":false
    }],
    "metadata":{
        "normals":27,
        "type":"Geometry",
        "version":3,
        "generator":"io_three",
        "uvs":0,
        "materials":1,
        "faces":34,
        "vertices":36
    },
    "uvs":[],
    "vertices":[1,-0,-2.41421,2.41421,-0,-1,1,0,0.414213,-0.414214,-0,-1,1,2,-2.41421,2.41421,2,-0.999999,1,2,0.414213,-0.414213,2,-1,1,7,-2.41421,2.41421,7,-1,1,7,0.414213,-0.414213,7,-1,-0.414213,5.33333,-1,-0.414213,3.66667,-1,1,3.66667,0.414213,1,5.33333,0.414213,2.41421,3.66667,-0.999999,2.41421,5.33333,-0.999999,1,5.33333,-2.41421,1,3.66667,-2.41421,1,6.16667,0.414213,2.41421,6.16667,-1,-0.414213,6.16667,-1,1,6.16667,-2.41421,-0.414213,4.5,-1,1,4.5,0.414213,2.41421,4.5,-0.999999,1,4.5,-2.41421,-0.414213,2.83333,-1,1,2.83333,-2.41421,1,2.83333,0.414213,2.41421,2.83333,-0.999999,1,1,-2.41421,2.41421,1,-1,1,1,0.414214,-0.414214,1,-1],
    "name":"Cube.001Geometry",
    "faces":[35,0,1,2,3,0,0,0,0,0,35,22,20,10,11,0,1,1,1,1,35,32,4,5,33,0,2,2,2,2,35,33,5,6,34,0,3,3,3,3,35,34,6,7,35,0,4,4,4,4,35,32,0,3,35,0,5,5,5,5,35,8,11,10,9,0,6,6,6,6,35,20,21,9,10,0,7,7,7,7,35,23,22,11,8,0,8,8,8,8,35,21,23,8,9,0,9,9,9,9,35,28,30,14,13,0,10,10,10,10,35,24,25,15,12,0,10,10,10,10,35,30,31,16,14,0,11,11,11,11,35,25,26,17,15,0,12,12,12,12,35,29,28,13,19,0,13,13,13,13,35,27,24,12,18,0,13,13,13,13,35,31,29,19,16,0,14,14,14,14,35,26,27,18,17,0,15,15,15,15,35,12,15,20,22,0,16,16,16,16,35,15,17,21,20,0,17,17,17,17,35,18,12,22,23,0,18,18,18,18,35,17,18,23,21,0,19,19,19,19,35,13,14,25,24,0,20,20,20,20,35,14,16,26,25,0,11,11,11,11,35,19,13,24,27,0,21,21,21,21,35,16,19,27,26,0,19,19,19,19,35,7,6,30,28,0,20,20,20,20,35,6,5,31,30,0,12,12,12,12,35,4,7,28,29,0,21,21,21,21,35,5,4,29,31,0,22,22,22,22,35,0,32,33,1,0,23,23,23,23,35,1,33,34,2,0,24,24,24,24,35,2,34,35,3,0,25,25,25,25,35,4,32,35,7,0,26,26,26,26]
}